5	孙悟空	汲取剑,夜之锋刃,泰坦的坚决	无尽之刃
5	艾瑞莉娅	无尽之刃,红霸符,鬼索的狂暴之刃	巨人捕手
5	阿兹尔	朔极之矛,珠光护手,鬼索的狂暴之刃	水银
5	瑟提	汲取剑,夜之锋刃,泰坦的坚决	无尽之刃
5	乌迪尔	汲取剑,泰坦的坚决,正义之手	无尽之刃
5	丽桑卓	朔极之矛,珠光护手,大天使之杖	适应性头盔
5	彗	朔极之矛,珠光护手,班克斯的魔法帽	大天使之杖
5	洛	狂徒铠甲,薄暮法袍,冕卫	圣盾使的誓约
5	霞	鬼索的狂暴之刃,无尽之刃,巨人捕手	水银
4	艾希	鬼索的狂暴之刃,最后的轻语,红霸符	卢安娜的飓风
4	安妮	狂徒铠甲,离子火花,石像鬼石板甲	适应性头盔
4	加里奥	石像鬼石板甲,狂徒铠甲,救赎	薄暮法袍
4	凯隐	无尽之刃,正义之手,夜之锋刃	汲取剑
4	李青	汲取剑,泰坦的坚决,夜之锋刃	无尽之刃
4	莉莉娅	蓝霸符,大天使之杖,班克斯的魔法帽	珠光护手
4	莫甘娜	朔极之矛,莫雷洛秘典,班克斯的魔法帽	珠光护手
4	诺提勒斯	狂徒铠甲,棘刺背心,石像鬼石板甲	薄暮法袍
4	卡莎	鬼索的狂暴之刃,无尽之刃,巨人捕手	最后的轻语
4	辛德拉	蓝霸符,珠光护手,海克斯科技枪刃	巨人捕手
4	奥恩	石像鬼石板甲,狂徒铠甲,救赎	坚定之心
4	塞拉斯	狂徒铠甲,薄暮法袍,坚定之心	日炎斗篷
3	永恩	鬼索的狂暴之刃,泰坦的坚决,汲取剑	正义之手
3	佐伊	朔极之矛,珠光护手,大天使之杖	适应性头盔
3	沃利贝尔	汲取剑,斯特拉克的挑战护手,泰坦的坚决	鬼索的狂暴之刃
3	黛安娜	石像鬼石板甲,狂徒铠甲,离子火花	冕卫
3	拉露恩	朔极之矛,珠光护手,班克斯的魔法帽	大天使之杖
3	阿木木	狂徒铠甲,棘刺背心,坚定之心	日炎斗篷
3	厄斐琉斯	鬼索的狂暴之刃,卢安娜的飓风,巨人捕手	最后的轻语
3	巴德	鬼索的狂暴之刃,海克斯科技枪刃,正义之手	斯塔缇克电刃
3	俄洛伊	石像鬼石板甲,狂徒铠甲,薄暮法袍	日炎斗篷
3	锤石	棘刺背心,狂徒铠甲,薄暮法袍	救赎
3	崔丝塔娜	鬼索的狂暴之刃,无尽之刃,卢安娜的飓风	破防者
3	索拉卡	朔极之矛,珠光护手,大天使之杖	班克斯的魔法帽
3	塔姆	石像鬼石板甲,薄暮法袍,日炎斗篷	圣盾使的誓约
2	婕拉	朔极之矛,珠光护手,纳什之牙	莫雷洛秘典
2	约里克	狂徒铠甲,薄暮法袍,离子火花	坚定之心
2	拉克丝	朔极之矛,珠光护手,斯塔缇克电刃	适应性头盔
2	妮蔻	狂徒铠甲,石像鬼石板甲,棘刺背心	薄暮法袍
2	亚托克斯	棘刺背心,狂徒铠甲,救赎	日炎斗篷
2	纳尔	汲取剑,斯特拉克的挑战护手,泰坦的坚决	坚定之心
2	迦娜	朔极之矛,鬼索的狂暴之刃,大天使之杖	斯塔缇克电刃
2	千珏	蓝霸符,珠光护手,班克斯的魔法帽	正义之手
2	提莫	蓝霸符,珠光护手,莫雷洛秘典	斯塔缇克电刃
2	慎	狂徒铠甲,石像鬼石板甲,救赎	圣盾使的誓约
2	赛娜	鬼索的狂暴之刃,无尽之刃,巨人捕手	破防者
2	锐雯	薄暮法袍,棘刺背心,狂徒铠甲	坚定之心
2	奇亚娜	无尽之刃,汲取剑,正义之手	泰坦的坚决
1	阿狸	蓝霸符,珠光护手,班克斯的魔法帽	正义之手
1	凯特琳	朔极之矛,无尽之刃,鬼索的狂暴之刃	巨人捕手
1	科加斯	狂徒铠甲,石像鬼石板甲,救赎	薄暮法袍
1	德莱厄斯	正义之手,无尽之刃,泰坦的坚决	汲取剑
1	盖伦	棘刺背心,薄暮法袍,狂徒铠甲	日炎斗篷
1	贾克斯	救赎,石像鬼石板甲,狂徒铠甲	日炎斗篷
1	卡兹克	泰坦的坚决,水银,正义之手	巨人捕手
1	墨菲特	石像鬼石板甲,狂徒铠甲,救赎	圣盾使的誓约
1	克格莫	蓝霸符,珠光护手,班克斯的魔法帽	海克斯科技枪刃
1	雷克塞	狂徒铠甲,棘刺背心,日炎斗篷	救赎
1	希维尔	鬼索的狂暴之刃,卢安娜的飓风,巨人捕手	破防者
1	可酷伯	救赎,薄暮法袍,棘刺背心	日炎斗篷
1	亚索	石像鬼石板甲,狂徒铠甲,薄暮法袍	适应性头盔
